iter,CW
1,5.5
2,7.0
3,8.5
4,10.0
5,11.5
6,13.0
7,14.5
8,16.0
9,17.5
10,19.0
11,20.5
12,22.0
13,23.5
14,25.0
15,26.5
16,28.0
17,29.5
18,31.0
19,32.5
20,34.0
21,35.5
22,37.0
23,38.5
24,40.0
25,41.5
26,43.0
27,44.5
28,46.0
29,47.5
30,49.0
31,50.5
32,52.0
33,53.5
34,55.0
35,56.5
36,58.0
37,59.5
38,61.0
39,62.5
40,64.0
41,65.5
42,67.0
43,68.5
44,70.0
45,71.5
46,73.0
47,74.5
48,76.0
49,77.5
50,79.0
51,80.5
52,82.0
53,83.5
54,85.0
55,86.5
56,88.0
57,89.5
58,91.0
59,92.5
60,94.0
61,95.5
62,97.0
63,98.5
64,100.0
65,101.5
66,103.0
67,104.5
68,106.0
69,10.6
70,10.69434
71,10.7878475
72,10.880545
73,10.972452
74,11.063589
75,11.1539755
76,11.243629
77,11.332569
78,11.420811
79,11.50837
80,11.5952635
81,11.681505
82,11.767111
83,11.852094
84,11.936467
85,12.020244
86,12.103436
87,12.186058
88,12.268119
89,12.349631
90,12.430605
91,12.511051
92,12.590981
93,12.670403
94,12.749327
95,12.827763
96,12.905719
97,12.983204
98,13.060226
99,13.136795
100,13.212917
101,13.288601
102,13.363853
103,13.438683
104,13.513095
105,13.587097
106,13.660696
107,13.733899
108,13.806711
109,13.87914
110,13.951191
111,14.022869
112,14.094181
113,14.1651325
114,14.235728
115,14.305974
116,14.3758745
117,14.445436
118,14.514662
119,14.583558
120,14.652128
121,14.720378
122,14.788311
123,14.855932
124,14.923245
125,14.990255
126,15.056966
127,15.123381
128,15.189504
129,15.255339
130,15.320889
131,15.38616
132,15.451154
133,15.515874
134,15.580324
135,15.644507
136,15.708427
137,15.772087
138,15.83549
139,15.89864
140,15.961538
141,16.024189
142,16.086596
143,16.14876
144,1.614876
145,2.2341187
146,2.6817224
147,3.0546172
148,3.3819904
149,3.6776743
150,3.9495852
151,4.2027764
152,4.4407144
153,4.6659036
154,4.880224
155,5.085133
156,5.2817845
157,5.4711146
158,5.6538925
159,5.830762
160,6.002266
161,6.1688695
162,6.3309736
163,6.4889274
164,6.643036
165,6.7935696
166,6.940768
167,7.084844
168,7.2259903
169,7.3643794
170,7.5001683
171,7.6334987
172,7.7645
173,7.8932915
174,8.019981
175,8.14467
176,8.267449
177,8.388406
178,8.507618
179,8.625159
180,8.741099
181,8.855501
182,8.968426
183,9.079928
184,9.190062
185,9.298875
186,9.406415
187,9.512726
188,1.0
189,2.0
190,2.5
191,2.9
192,3.2448277
193,3.5530105
194,3.834462
195,4.095255
196,4.33944
197,4.5698843
198,1.0
199,2.0
200,2.5
201,2.9
202,3.2448277
203,3.5530105
204,3.834462
205,4.095255
206,4.33944
207,4.5698843
208,4.788708
209,4.997533
210,5.1976314
211,5.3900266
212,5.5755544
213,5.7549086
214,5.9286733
215,6.097345
216,6.2613506
217,6.4210606
218,6.576798
219,6.7288475
220,6.8774614
221,7.022864
222,7.165256
223,7.304818
224,7.4417143
225,7.576092
226,7.708086
227,7.83782
228,7.9654064
229,8.090949
230,8.214544
231,8.33628
232,8.456238
233,8.574493
234,8.691118
235,8.806178
236,8.919735
237,9.031846
238,9.142566
239,9.251945
240,9.36003
241,9.466867
242,9.572499
243,9.676965
244,9.780303
245,9.882549
246,9.983738
247,10.0839
248,10.183068
249,10.281271
250,10.378535
251,10.474888
252,10.570354
253,10.664959
254,10.758724
255,10.851672
256,10.943824
257,11.035199
258,11.125818
259,11.215699
260,11.30486
261,11.393317
262,11.481088
263,11.568188
264,11.654632
265,11.740435
266,11.82561
267,11.910172
268,11.994134
269,12.077508
270,12.160307
271,12.242541
272,12.3242235
273,12.405365
274,12.485975
275,12.566065
276,12.645644
277,12.724723
278,12.80331
279,12.881415
280,12.959046
281,13.036213
282,13.112923
283,13.189183
284,13.265003
285,13.340389
286,13.41535
287,13.489891
288,13.56402
289,13.637745
290,13.711071
291,13.784005
292,13.856553
293,13.928721
294,14.000516
295,14.071942
296,14.143005
297,14.213712
298,14.284066
299,14.3540745
300,14.423741
301,14.493072
302,14.56207
303,14.630741
304,14.69909
305,14.767121
306,14.834839
307,14.902247
308,14.969352
309,15.036155
310,15.102661
311,15.168875
312,15.234799
313,15.300439
314,15.365796
315,15.430876
316,15.495681
317,15.560215
318,15.624481
319,15.688483
320,15.752224
321,15.815707
322,15.878936
323,15.941913
324,16.00464
325,16.067122
326,16.12936
327,16.191359
328,16.25312
329,16.314648
330,16.375942
331,16.437008
332,16.497847
333,16.55846
334,16.618853
335,16.679026
336,16.738981
337,16.798721
338,16.85825
339,16.917568
340,16.976679
341,17.035583
342,17.094284
343,17.152782
344,17.211082
345,17.269184
346,17.327091
347,17.384804
348,17.442326
349,17.499657
350,17.5568
351,17.613758
352,17.670532
353,17.727123
354,17.783533
355,1.7783533
356,2.3406713
357,2.767899
358,3.1291838
359,3.448756
360,3.7387156
361,4.006187
362,4.2558007
363,4.490774
364,4.713453
365,4.9256115
366,5.128632
367,5.323616
368,5.5114584
369,5.6928988
370,5.868556
371,6.0389557
372,6.2045474
373,6.3657193
374,6.522811
375,6.676119
376,6.8259063
377,6.972407
378,7.1158295
379,7.256361
380,7.394171
381,7.5294127
382,7.6622252
383,7.7927356
384,7.92106
385,8.047306
386,8.171571
387,8.293946
388,8.414516
389,8.533359
390,8.650546
391,8.766146
392,8.880221
393,8.992831
394,9.104031
395,9.213872
396,9.322404
397,9.429672
398,9.535721
399,9.64059
400,9.744318
401,9.846942
402,9.948496
403,10.049013
404,10.148525
405,10.247062
406,10.34465
407,10.4413185
408,10.537092
409,10.631995
410,10.726051
411,10.819283
412,10.91171
413,11.003354
414,11.094235
415,11.184372
416,11.273783
417,11.362484
418,11.450493
419,11.537826
420,11.624497
421,11.710523
422,11.795916
423,11.880691
424,11.964861
425,12.048439
426,12.131437
427,12.213868
428,12.295742
429,12.377071
430,12.457866
431,12.5381365
432,12.617893
433,12.697145
434,12.775904
435,12.8541765
436,12.9319725
437,13.0093
438,13.086168
439,13.162585
440,13.238558
441,13.314095
442,13.389203
443,13.46389
444,13.538163
445,13.612028
446,13.6854925
447,13.758563
448,13.831245
449,13.903545
450,13.97547
451,14.047024
452,14.118214
453,14.189044
454,14.259521
455,14.329649
456,14.399434
457,14.468882
458,14.537995
459,14.606781
460,14.675242
461,14.743384
462,14.811212
463,14.878728
464,14.945938
465,15.012846
466,15.079455
467,15.145771
468,15.211796
469,15.2775345
470,15.34299
471,15.408166
472,15.473066
473,1.5473067
474,2.1935909
475,2.6494644
476,3.026899
477,3.3572702
478,3.6551313
479,3.9287193
480,4.183255
481,4.4223037
482,4.6484303
483,4.863557
484,5.0691676
485,5.2664385
486,1.0
487,2.0
488,2.5
489,2.9
490,3.2448277
491,3.5530105
492,3.834462
493,4.095255
494,4.33944
495,4.5698843
496,4.788708
497,4.997533
498,5.1976314
499,5.3900266
500,5.5755544
501,5.7549086
502,5.9286733
503,6.097345
504,6.2613506
505,6.4210606
506,6.576798
507,6.7288475
508,6.8774614
509,7.022864
510,7.165256
511,7.304818
512,7.4417143
513,7.576092
514,7.708086
515,7.83782
516,7.9654064
517,8.090949
518,8.214544
519,8.33628
520,8.456238
521,8.574493
522,8.691118
523,8.806178
524,8.919735
525,9.031846
526,9.142566
527,9.251945
528,9.36003
529,9.466867
530,9.572499
531,9.676965
532,9.780303
533,9.882549
534,9.983738
535,10.0839
536,10.183068
537,10.281271
538,10.378535
539,10.474888
540,10.570354
541,10.664959
542,10.758724
543,10.851672
544,10.943824
545,11.035199
546,11.125818
547,11.215699
548,11.30486
549,11.393317
550,11.481088
551,1.1481088
552,2.0191064
553,2.514375
554,2.9120882
555,3.2554843
556,3.5626583
557,3.8433475
558,4.1035376
559,4.34723
560,4.5772614
561,4.7957325
562,5.004251
563,5.204081
564,5.396238
565,5.581552
566,5.7607136
567,5.9343033
568,6.102815
569,6.266674
570,6.4262486
571,6.5818605
572,6.7337933
573,6.882298
574,7.0275984
575,7.1698947
576,7.3093667
577,7.4461775
578,7.5804744
579,7.7123923
580,7.842054
581,7.9695716
582,8.095049
583,8.218581
584,8.340257
585,8.460157
586,8.578359
587,8.694931
588,8.80994
589,8.923449
590,9.035513
591,9.146188
592,9.255523
593,9.363566
594,9.470364
595,9.575956
596,9.680385
597,9.783687
598,9.885898
599,9.987052
600,10.087182
601,10.186317
602,10.284489
603,10.381722
604,10.478045
605,10.573483
606,10.668059
607,10.761797
608,10.854718
609,10.946844
610,11.038195
611,11.128789
612,11.218646
613,11.307783
614,11.396217
615,11.483966
616,11.571044
617,11.657467
618,11.743249
619,11.828404
620,11.912947
621,11.996889
622,12.080244
623,12.163024
624,12.24524
625,12.326904
626,12.408028
627,12.488621
628,12.568694
629,12.648257
630,12.72732
631,12.805891
632,12.88398
633,12.961596
634,1.2961596
635,2.0676694
636,2.5513058
637,2.9432619
638,3.283021
639,3.5876184
640,3.8663547
641,4.124996
642,4.3674207
643,4.596389
644,4.813951
645,5.021681
646,5.2208176
647,5.4123583
648,5.597121
649,5.775784
650,5.9489207
651,6.117018
652,6.2804966
653,6.4397197
654,6.595006
655,6.746636
656,6.894858
657,7.0398936
658,7.181941
659,7.3211794
660,7.4577694
661,7.591858
662,7.723578
663,7.8530517
664,7.9803905
665,8.105698
666,8.229068
667,8.350588
668,8.47034
669,8.588399
670,8.704835
671,8.819714
672,8.933096
673,9.045039
674,9.155597
675,9.264819
676,9.372754
677,9.479446
678,9.584938
679,9.689268
680,9.792475
681,9.894594
682,9.99566
683,10.095703
684,10.194756
685,10.292845
686,10.389999
687,10.486246
688,10.581609
689,10.676112
690,10.769779
691,10.862632
692,10.954691
693,11.045976
694,11.136506
695,11.226301
696,11.315378
697,11.403753
698,11.491444
699,11.5784645
700,11.664832
701,11.75056
702,11.835662
703,11.920153
704,12.004045
705,12.08735
706,12.170081
707,12.25225
708,12.333867
709,12.414945
710,12.495493
711,12.575521
712,12.655041
713,12.73406
714,12.81259
715,12.890638
716,12.968214
717,13.045325
718,13.121981
719,13.198189
720,13.273956
721,13.349292
722,13.424202
723,13.498694
724,13.572776
725,13.646453
726,13.719732
727,13.79262
728,13.865122
729,13.937245
730,14.008996
731,14.080379
732,14.1514
733,14.222064
734,14.292377
735,14.362345
736,14.431972
737,14.501262
738,14.570221
739,14.638854
740,14.707166
741,14.77516
742,14.842841
743,14.910213
744,14.977282
745,15.044049
746,15.11052
747,15.1767
748,15.24259
749,15.308196
750,15.373521
751,15.438568
752,15.503341
753,15.5678425
754,15.632077
755,15.696048
756,15.759758
757,15.823211
758,15.886409
759,15.949356
760,16.012054
761,16.074507
762,16.136717
763,16.198687
764,16.26042
765,16.321918
766,16.383186
767,16.444225
768,16.505037
769,16.565624
770,16.62599
771,16.686136
772,16.746067
773,16.805782
774,16.865286
775,16.92458
776,16.983665
777,17.042545
778,17.101221
779,17.159697
780,17.217972
781,17.27605
782,17.333935
783,17.391624
784,17.449123
785,17.506433
786,17.563555
787,17.620491
788,17.677242
789,17.733812
790,17.790201
791,17.846413
792,17.902447
793,17.958305
794,18.01399
795,18.069502
796,18.124844
797,18.180016
798,18.235022
799,18.289862
800,18.344536
801,18.399048
802,18.453398
803,18.507587
804,18.561619
805,18.615494
806,18.669212
807,18.722776
808,18.776188
809,18.829447
810,18.882555
811,18.935514
812,18.988325
813,19.040989
814,19.093508
815,19.145882
816,19.198112
817,19.2502
818,19.302147
819,19.353954
820,19.405622
821,19.457153
822,19.508549
823,19.559809
824,19.610933
825,19.661924
826,19.712784
827,19.763512
828,19.81411
829,19.864578
830,19.914919
831,19.965132
832,20.015219
833,20.06518
834,20.115017
835,20.164732
836,20.214323
837,20.263792
838,20.31314
839,20.36237
840,20.41148
841,20.460472
842,20.509346
843,20.558104
844,20.606747
845,20.655275
846,20.70369
847,20.75199
848,20.800177
849,20.848253
850,20.89622
851,20.944075
852,20.991821
853,21.03946
854,21.086988
855,21.13441
856,21.181726
857,21.228937
858,21.276043
859,21.323044
860,21.369942
861,21.416737
862,21.463428
863,21.51002
864,21.556509
865,21.6029
866,21.649189
867,21.69538
868,21.741472
869,21.787468
870,21.833366
871,21.879168
872,21.924873
873,21.970484
874,22.015999
875,22.06142
876,22.106749
877,22.151983
878,22.197126
879,2.2197127
880,2.6702216
881,3.0447223
882,3.3731594
883,3.6696174
884,3.9421253
885,4.1957955
886,4.434129
887,4.6596527
888,4.874261
889,5.07942
890,5.276293
891,5.46582
892,5.648775
893,5.8258047
894,5.9974546
895,6.164192
896,6.3264194
897,6.4844866
898,6.638701
899,6.789333
900,6.9366226
901,7.080785
902,7.222012
903,7.3604774
904,7.4963384
905,7.629737
906,7.760803
907,7.889656
908,8.016404
909,8.141149
910,8.263982
911,8.384989
912,8.50425
913,8.621838
914,8.737823
915,8.852267
916,8.965233
917,9.076775
918,9.186946
919,9.295796
920,9.403372
921,9.509717
922,9.614873
923,9.718879
924,9.821772
925,9.923586
926,10.024356
927,10.124113
928,10.222887
929,10.320706
930,10.417599
931,10.51359
932,10.608705
933,10.702967
934,10.796399
935,10.889023
936,10.980859
937,11.071926
938,11.162245
939,11.251833
940,11.340708
941,11.428885
942,11.516383
943,11.603216
944,11.689399
945,11.774946
946,11.859872
947,11.94419
948,12.027913
949,12.111053
950,12.193623
951,12.275633
952,12.357095
953,12.43802
954,12.518418
955,12.598301
956,12.677677
957,12.756556
958,12.834947
959,12.912859
960,12.990301
961,13.067282
962,13.143808
963,13.21989
964,13.295533
965,13.370747
966,13.445537
967,13.519911
968,13.593876
969,13.6674385
970,13.740605
971,13.813382
972,13.885776
973,13.957791
974,14.029436
975,14.100715
976,14.171633
977,14.242196
978,14.31241
979,14.382279
980,14.451809
981,14.521005
982,14.58987
983,14.658411
984,14.726631
985,14.794536
986,14.862128
987,14.929414
988,14.996396
989,15.063079
990,15.129466
991,15.195562
992,15.261371
993,15.326896
994,15.39214
995,15.4571085
996,15.521804
997,15.586229
998,15.650389
999,15.714285
1000,15.777922
1001,15.841301
1002,15.904428
1003,15.967303
1004,16.029932
1005,16.092316
1006,16.154457
1007,16.21636
1008,16.278027
1009,16.339458
1010,16.40066
1011,16.461632
1012,16.522379
1013,16.582903
1014,16.643206
1015,16.70329
1016,16.763159
1017,16.822813
1018,16.882256
1019,16.94149
1020,17.000517
1021,17.05934
1022,17.117958
1023,17.176376
1024,17.234596
1025,17.29262
1026,17.350449
1027,17.408085
1028,17.46553
1029,17.522785
1030,17.579853
1031,17.636736
1032,17.693436
1033,17.749954
1034,17.806292
1035,17.862452
1036,17.918434
1037,17.974243
1038,18.029879
1039,18.085342
1040,18.140636
1041,18.19576
1042,18.25072
1043,18.305511
1044,18.36014
1045,18.414606
1046,18.46891
1047,18.523056
1048,18.577044
1049,18.630873
1050,18.684547
1051,18.738068
1052,18.791435
1053,18.84465
1054,18.897717
1055,18.950632
1056,19.0034
1057,19.056023
1058,19.1085
1059,19.160831
1060,19.21302
1061,19.265068
1062,19.316975
1063,19.368742
1064,19.420372
1065,19.471865
1066,19.52322
1067,19.574442
1068,19.625528
1069,19.676483
1070,19.727304
1071,19.777996
1072,19.828558
1073,19.87899
1074,19.929295
1075,19.979471
1076,20.029522
1077,20.079449
1078,20.129251
1079,20.17893
1080,20.228487
1081,20.277922
1082,20.327236
1083,20.37643
1084,20.425507
1085,20.474464
1086,20.523306
1087,20.572031
1088,20.62064
1089,20.669134
1090,20.717516
1091,20.765785
1092,20.813942
1093,20.861986
1094,20.90992
1095,20.957745
1096,21.005459
1097,21.053066
1098,21.100565
1099,21.147957
1100,21.195242
1101,21.242422
1102,21.289497
1103,21.33647
1104,21.383337
1105,21.430103
1106,21.476767
1107,21.523329
1108,21.56979
1109,21.616152
1110,21.662413
1111,21.708576
1112,21.75464
1113,21.800608
1114,21.846478
1115,21.892252
1116,21.937931
1117,21.983515
1118,22.029003
1119,22.074398
1120,22.1197
1121,22.164907
1122,22.210024
1123,22.255049
1124,22.299982
1125,22.344826
1126,22.38958
1127,22.434244
1128,22.478819
1129,22.523306
1130,22.567705
1131,22.612017
1132,22.65624
1133,22.700378
1134,22.74443
1135,22.788397
1136,22.83228
1137,22.876078
1138,22.919792
1139,22.963423
1140,23.00697
1141,23.050434
1142,23.093817
1143,23.13712
1144,23.18034
1145,23.22348
1146,23.26654
1147,23.30952
1148,23.35242
1149,23.395243
1150,23.437986
1151,23.480652
1152,23.523241
1153,23.565752
1154,23.608187
1155,23.650545
1156,23.692827
1157,23.735035
1158,23.777166
1159,23.819223
1160,23.861206
1161,23.903114
1162,23.94495
1163,23.986713
1164,24.028402
1165,24.07002
1166,24.111567
1167,24.15304
1168,24.194443
1169,24.235775
1170,24.277037
1171,24.318228
1172,24.359348
1173,24.4004
1174,24.441383
1175,24.482298
1176,24.523144
1177,24.563921
1178,24.604631
1179,24.645275
1180,24.68585
1181,24.726358
1182,24.766802
1183,24.807178
1184,24.84749
1185,24.887735
1186,24.927916
1187,24.96803
1188,25.008081
1189,25.048069
1190,25.087992
1191,25.127851
1192,25.167648
1193,25.207382
1194,25.247053
1195,25.286661
1196,25.326208
1197,25.365692
1198,25.405115
1199,25.444477
1200,25.483778
1201,25.523018
1202,25.562199
1203,25.601318
1204,25.640379
1205,25.67938
1206,25.718323
1207,2.5718324
1208,2.9606602
1209,3.2984228
1210,3.601598
1211,3.8792524
1212,4.137034
1213,4.378753
1214,4.6071286
1215,4.8241835
1216,5.031472
1217,5.2302213
1218,5.4214177
1219,5.605871
1220,5.7842555
1221,5.9571385
1222,6.1250043
1223,6.2882695
1224,6.4472957
1225,6.6023993
1226,6.7538595
1227,6.901923
1228,7.04681
1229,7.1887183
1230,7.327825
1231,7.464291
1232,7.5982623
1233,7.7298713
1234,7.8592396
1235,7.9864783
1236,8.11169
1237,8.234968
1238,8.356401
1239,8.47607
1240,8.594049
1241,8.710409
1242,8.825214
1243,8.938526
1244,9.050402
1245,9.160894
1246,9.270054
1247,9.377928
1248,9.484561
1249,9.589995
1250,9.694271
1251,9.797424
1252,9.899492
1253,10.000507
1254,10.100502
1255,10.199507
1256,10.297551
1257,10.394662
1258,10.490865
1259,10.586185
1260,10.680648
1261,10.774275
1262,10.867088
1263,10.959109
1264,11.050358
1265,11.140853
1266,11.230613
1267,11.319655
1268,11.407997
1269,11.495655
1270,11.582644
1271,11.668981
1272,11.754678
1273,11.83975
1274,11.9242115
1275,12.008075
1276,12.091352
1277,12.174056
1278,12.256198
1279,12.33779
1280,12.418841
1281,12.499364
1282,12.579368
1283,12.658863
1284,12.737859
1285,12.816365
1286,12.89439
1287,12.971943
1288,13.049032
1289,13.125667
1290,13.201853
1291,13.277599
1292,13.352914
1293,13.427804
1294,13.502276
1295,13.576338
1296,13.649996
1297,13.723256
1298,13.796125
1299,13.868609
1300,13.940715
1301,14.012447
1302,14.083813
1303,14.154817
1304,14.225464
1305,14.29576
1306,14.365711
1307,14.435322
1308,14.504597
1309,14.573541
1310,14.6421585
1311,14.710454
1312,1.4710454
1313,2.150834
1314,2.6157699
1315,2.9980664
1316,3.3316147
1317,3.6317694
1318,3.9071174
1319,4.1630607
1320,4.4032683
1321,4.6303725
1322,4.846338
1323,5.052679
1324,5.2505937
1325,5.441048
1326,5.6248364
1327,5.8026195
1328,5.9749556
1329,6.1423206
1330,6.3051257
1331,6.463727
1332,6.6184363
1333,6.7695293
1334,6.91725
1335,7.061816
1336,7.203423
1337,7.342246
1338,7.478444
1339,7.6121616
1340,7.7435303
1341,7.87267
1342,7.999692
1343,8.124697
1344,8.247778
1345,8.369022
1346,8.488511
1347,8.6063175
1348,8.722511
1349,8.837157
1350,8.950315
1351,9.062043
1352,9.172394
1353,9.281417
1354,9.389159
1355,9.495665
1356,9.600976
1357,9.7051325
1358,9.80817
1359,9.910126
1360,10.011033
1361,10.110923
1362,10.2098255
1363,10.307771
1364,10.404785
1365,10.500895
1366,10.596125
1367,10.690498
1368,10.7840395
1369,10.876769
1370,10.968708
1371,11.059876
1372,11.150293
1373,11.239977
1374,11.328945
1375,11.417214
1376,11.504802
1377,11.591722
1378,11.67799
1379,11.763621
1380,11.848629
1381,11.933027
1382,12.016829
1383,12.100045
1384,12.18269
1385,12.264773
1386,12.346308
1387,12.427303
1388,12.5077715
1389,12.587722
1390,12.667164
1391,12.746108
1392,12.824563
1393,12.902538
1394,12.980042
1395,13.057084
1396,13.133671
1397,13.209811
1398,13.285513
1399,13.360783
1400,13.435629
1401,13.510057
1402,13.584076
1403,13.657692
1404,13.73091
1405,13.803739
1406,13.876183
1407,13.948249
1408,14.019942
1409,14.0912695
1410,14.162235
1411,14.232845
1412,14.303105
1413,14.37302
1414,14.442595
1415,14.511834
1416,14.580744
1417,14.649327
1418,14.717589
1419,14.785535
1420,14.8531685
1421,14.920494
1422,14.987516
1423,15.054238
1424,15.120665
1425,15.186799
1426,15.2526455
1427,15.318208
1428,15.38349
1429,15.448494
1430,15.513226
1431,15.577686
1432,15.641881
1433,15.7058115
1434,15.769483
1435,15.832896
1436,15.896056
1437,15.958965
1438,16.021626
1439,16.084042
1440,16.146215
1441,16.208149
1442,16.269846
1443,16.33131
1444,16.392542
1445,16.453545
1446,16.514322
1447,16.574875
1448,16.635206
1449,16.69532
1450,16.755217
1451,16.8149
1452,16.87437
1453,16.933632
1454,16.992685
1455,17.051535
1456,17.11018
1457,17.168625
1458,17.226871
1459,17.28492
1460,17.342773
1461,17.400434
1462,17.457905
1463,17.515186
1464,17.572279
1465,17.629187
1466,17.685911
1467,17.742453
1468,17.798815
1469,17.854998
1470,17.911005
1471,17.966837
1472,18.022495
1473,18.077982
1474,18.133297
1475,18.188444
1476,18.243423
1477,18.298237
1478,18.352886
1479,18.407373
1480,18.4617
1481,18.515867
1482,18.569876
1483,18.623726
1484,18.677422
1485,1.8677422
1486,2.403148
1487,2.8192687
1488,3.1739707
1489,3.4890335
1490,3.7756457
1491,4.040501
1492,4.2879953
1493,4.5212045
1494,4.7423844
1495,4.953249
1496,5.1551366
1497,5.3491178
1498,5.5360646
1499,5.716698
1500,5.8916245
1501,6.061357
1502,6.2263365
1503,6.386945
1504,6.5435143
1505,6.696337
1506,6.8456726
1507,6.9917502
1508,7.134776
1509,7.274935
1510,7.412393
1511,7.5473022
1512,7.6798
1513,7.810012
1514,7.9380527
1515,8.064028
1516,8.188035
1517,8.310164
1518,8.430499
1519,8.549116
1520,8.666087
1521,8.78148
1522,8.895356
1523,9.007774
1524,9.11879
1525,9.228454
1526,9.336814
1527,9.443917
1528,9.549806
1529,9.65452
1530,9.758099
1531,9.860578
1532,9.961991
1533,10.062373
1534,10.161754
1535,10.260161
1536,10.357626
1537,10.454173
1538,10.549829
1539,10.644617
1540,10.738562
1541,10.831684
1542,10.9240055
1543,11.015547
1544,11.106328
1545,11.196366
1546,11.285681
1547,11.374289
1548,11.462206
1549,11.549449
1550,11.636033
1551,11.721973
1552,11.807283
1553,11.891977
1554,11.976068
1555,12.059567
1556,12.142489
1557,12.224845
1558,12.306645
1559,12.387902
1560,12.468626
1561,12.548827
1562,12.628516
1563,12.707702
1564,12.786394
1565,12.864602
1566,12.942335
1567,13.019601
1568,13.096408
1569,13.172765
1570,13.248679
1571,13.324159
1572,13.39921
1573,13.473842
1574,13.548059
1575,13.621871
1576,13.695282
1577,13.7683
1578,13.840931
1579,13.91318
1580,13.985055
1581,14.05656
1582,14.127701
1583,14.198483
1584,14.268913
1585,14.338996
1586,14.408736
1587,14.478139
1588,14.547209
1589,14.615951
1590,14.684369
1591,14.752469
1592,14.820254
1593,14.88773
1594,14.954899
1595,15.021767
1596,15.088337
1597,15.1546135
1598,15.2206
1599,15.286301
1600,15.351719
1601,15.416858
1602,15.481722
1603,15.546314
1604,15.610639
1605,15.674698
1606,15.738495
1607,15.802033
1608,15.865316
1609,15.928347
1610,15.991128
1611,16.053663
1612,16.115953
1613,16.178003
1614,16.239815
1615,16.301392
1616,16.362736
1617,16.423851
1618,16.484737
1619,16.545399
1620,16.605839
1621,16.66606
1622,16.72606
1623,16.785849
1624,16.845423
1625,16.904785
1626,16.96394
1627,17.022888
1628,17.081633
1629,17.140175
1630,17.198517
1631,17.25666
1632,17.31461
1633,17.372364
1634,17.429926
1635,17.487299
1636,17.544483
1637,17.60148
1638,17.658295
1639,17.714926
1640,17.771376
1641,17.827646
1642,17.88374
1643,17.939655
1644,17.995398
1645,18.050968
1646,18.106367
1647,18.161596
1648,18.216658
1649,18.271553
1650,18.326283
1651,18.38085
1652,18.435255
1653,18.489498
1654,18.543583
1655,18.59751
1656,18.65128
1657,18.704895
1658,18.758356
1659,18.811666
1660,18.864824
1661,18.917833
1662,18.970694
1663,19.023407
1664,19.075974
1665,19.128395
1666,19.180674
1667,19.23281
1668,19.284803
1669,19.336658
1670,19.388374
1671,19.43995
1672,19.491392
1673,19.542696
1674,19.593866
1675,19.644903
1676,19.695807
1677,19.746578
1678,19.79722
1679,19.847733
1680,19.898117
1681,19.948374
1682,19.998503
1683,20.048506
1684,20.098385
1685,20.14814
1686,20.197773
1687,20.247284
1688,20.296673
1689,20.345942
1690,20.395092
1691,20.444124
1692,20.493038
1693,20.541836
1694,20.590517
1695,20.639084
1696,20.687536
1697,20.735874
1698,20.7841
1699,20.832212
1700,20.880215
1701,20.928106
1702,20.97589
1703,21.023563
1704,21.071129
1705,21.118587
1706,21.16594
1707,21.213184
1708,21.260324
1709,21.30736
1710,21.354292
1711,21.401121
1712,2.1401122
1713,2.6073773
1714,2.9909043
1715,3.3252513
1716,3.6259804
1717,3.9017677
1718,4.158062
1719,4.3985586
1720,4.625906
1721,4.8420796
1722,5.0486026
1723,5.2466774
1724,5.437274
1725,5.6211896
1726,5.799088
1727,5.971529
1728,6.1389904
1729,6.3018837
1730,6.4605665
1731,6.6153517
1732,6.7665153
1733,6.914302
1734,7.0589294
1735,7.200594
1736,7.3394713
1737,7.475721
1738,7.609487
1739,7.740902
1740,7.8700857
1741,7.997149
1742,8.122193
1743,8.245313
1744,8.366593
1745,8.486116
1746,8.603956
1747,8.720181
1748,8.834858
1749,8.948046
1750,9.059802
1751,9.170179
1752,9.279228
1753,9.386995
1754,9.4935255
1755,9.598861
1756,9.70304
1757,9.806101
1758,9.908078
1759,10.009006
1760,10.108915
1761,10.207838
1762,10.305802
1763,10.402835
1764,10.498962
1765,10.59421
1766,10.688601
1767,10.782158
1768,10.874904
1769,10.966859
1770,11.058043
1771,11.148475
1772,11.2381735
1773,11.327156
1774,11.41544
1775,11.50304
1776,11.589973
1777,11.676255
1778,11.761899
1779,11.846919
1780,11.931329
1781,12.0151415
1782,12.09837
1783,12.1810255
1784,12.263121
1785,12.344666
1786,12.425673
1787,12.506151
1788,12.586112
1789,12.665565
1790,12.744519
1791,12.822985
1792,12.9009695
1793,12.978483
1794,13.055533
1795,13.13213
1796,13.208279
1797,13.283989
1798,13.359267
1799,13.434122
1800,13.508559
1801,13.582586
1802,13.65621
1803,13.729437
1804,13.802273
1805,13.874724
1806,13.946798
1807,14.018499
1808,14.089833
1809,14.160807
1810,14.231424
1811,14.301691
1812,14.371613
1813,14.441195
1814,14.510441
1815,14.579357
1816,14.647947
1817,14.716216
1818,14.784168
1819,14.851809
1820,14.919141
1821,14.986169
1822,15.052897
1823,15.119329
1824,15.18547
1825,15.251322
1826,15.31689
1827,15.382177
1828,15.447187
1829,15.511924
1830,15.57639
1831,15.64059
1832,15.704526
1833,15.768202
1834,15.83162
1835,15.894785
1836,15.957699
1837,16.020365
1838,16.082785
1839,16.144962
1840,16.206902
1841,16.268604
1842,16.330072
1843,16.39131
1844,16.452318
1845,16.5131
1846,16.573658
1847,16.633995
1848,16.694113
1849,16.754015
1850,16.813702
1851,16.873177
1852,16.932442
1853,16.9915
1854,17.050354
1855,17.109003
1856,17.167452
1857,17.225702
1858,17.283754
1859,17.341612
1860,17.399277
1861,17.45675
1862,17.514036
1863,17.571133
1864,17.628044
1865,17.684772
1866,17.741318
1867,17.797684
1868,17.85387
1869,17.909882
1870,17.965717
1871,18.02138
1872,18.07687
1873,18.132189
1874,18.18734
1875,18.242323
1876,18.29714
1877,18.351793
1878,18.406284
1879,18.460613
1880,18.514782
1881,18.568792
1882,18.622646
1883,18.676344
1884,18.729887
1885,18.783278
1886,18.836515
1887,18.889605
1888,18.942543
1889,18.995335
1890,19.04798
1891,19.10048
1892,19.152834
1893,19.205046
1894,19.257114
1895,19.309044
1896,19.360832
1897,19.412483
1898,19.463997
1899,19.515373
1900,19.566614
1901,1.9566615
1902,2.467736
1903,2.8729658
1904,3.221038
1905,3.531497
1906,3.814663
1907,4.0768094
1908,4.322099
1909,4.553468
1910,4.773081
1911,4.9825892
1912,5.183288
1913,5.376216
1914,5.5622206
1915,5.742005
1916,5.91616
1917,6.085189
1918,6.249522
1919,6.4095345
1920,6.565552
1921,6.717862
1922,6.8667192
1923,7.012349
1924,7.154955
1925,7.2947183
1926,7.4318037
1927,7.5663605
1928,7.6985245
1929,7.8284197
1930,7.9561596
1931,8.081848
1932,8.205583
1933,8.327451
1934,8.4475355
1935,8.565913
1936,8.682655
1937,8.797828
1938,8.911492
1939,9.023707
1940,9.134526
1941,9.244001
1942,9.35218
1943,9.459106
1944,9.564825
1945,9.669374
1946,9.772794
1947,9.875118
1948,9.976383
1949,10.07662
1950,10.175859
1951,10.274131
1952,10.371463
1953,10.467881
1954,10.563412
1955,10.658078
1956,10.751904
1957,10.844911
1958,10.9371195
1959,11.028551
1960,11.119225
1961,11.209159
1962,11.298371
1963,11.38688
1964,11.4747
1965,11.561849
1966,11.64834
1967,11.734189
1968,11.81941
1969,11.9040165
1970,11.988022
1971,12.071439
1972,12.154279
1973,12.236554
1974,12.318276
1975,12.399457
1976,12.480105
1977,12.560233
1978,12.63985
1979,12.718965
1980,12.797587
1981,12.875727
1982,12.953392
1983,13.030592
1984,13.107334
1985,13.183627
1986,13.259479
1987,13.334896
1988,13.409887
1989,13.484459
1990,13.558619
1991,13.632372
1992,13.705727
1993,13.778688
1994,13.851264
1995,13.92346
1996,13.995281
1997,14.066734
1998,14.137824
1999,14.208556
2000,14.278936
2001,14.348969
2002,14.418661
2003,14.488016
2004,14.557038
2005,14.625733
2006,14.694106
2007,14.76216
2008,14.829901
2009,14.897332
2010,14.964458
2011,15.031283
2012,15.097812
2013,15.164046
2014,15.229992
2015,15.295651
2016,15.36103
2017,15.426129
2018,15.490954
2019,15.555509
2020,15.619795
2021,15.683816
2022,15.747576
2023,15.811077
2024,15.874324
2025,15.937319
2026,16.000065
2027,16.062565
2028,16.12482
2029,16.186836
2030,16.248615
2031,16.31016
2032,16.371471
2033,16.432552
2034,16.493406
2035,16.554037
2036,16.614445
2037,16.674633
2038,16.734604
2039,16.794361
2040,16.853905
2041,16.913239
2042,16.972364
2043,17.031284
2044,17.09
2045,17.148514
2046,17.206827
2047,17.264944
2048,17.322865
2049,1.7322865
2050,2.3095582
2051,2.7425413
2052,3.1071665
2053,3.4290032
2054,3.7206333
2055,3.9894047
2056,4.2400684
2057,4.4759135
2058,4.6993318
2059,4.912128
2060,5.1157055
2061,5.311182
2062,5.499464
2063,5.6813
2064,5.857316
2065,6.028043
2066,6.193934
2067,6.3553824
2068,6.512729
2069,6.6662745
2070,6.816283
2071,6.9629908
2072,7.1066074
2073,7.2473216
2074,7.3853035
2075,7.5207076
2076,7.6536736
2077,7.78433
2078,7.912793
2079,8.039171
2080,8.163562
2081,8.286057
2082,8.406742
2083,8.525694
2084,8.642986
2085,1.0
2086,2.0
2087,2.5
2088,2.9
2089,3.2448277
2090,3.5530105
2091,3.834462
2092,4.095255
2093,4.33944
2094,4.5698843
2095,4.788708
2096,4.997533
2097,5.1976314
2098,5.3900266
2099,5.5755544
2100,5.7549086
2101,5.9286733
2102,6.097345
2103,6.2613506
2104,6.4210606
2105,6.576798
2106,6.7288475
2107,6.8774614
2108,7.022864
2109,7.165256
2110,7.304818
2111,7.4417143
2112,7.576092
2113,7.708086
2114,7.83782
2115,7.9654064
2116,8.090949
2117,8.214544
2118,8.33628
2119,8.456238
2120,8.574493
2121,8.691118
2122,8.806178
2123,8.919735
2124,9.031846
2125,9.142566
2126,9.251945
2127,9.36003
2128,9.466867
2129,9.572499
2130,9.676965
2131,9.780303
2132,9.882549
2133,9.983738
2134,10.0839
2135,10.183068
2136,10.281271
2137,10.378535
2138,10.474888
2139,10.570354
2140,10.664959
2141,10.758724
2142,10.851672
2143,10.943824
2144,11.035199
2145,11.125818
2146,11.215699
2147,11.30486
2148,11.393317
2149,11.481088
2150,11.568188
2151,11.654632
2152,11.740435
2153,11.82561
2154,11.910172
2155,11.994134
2156,1.1994134
2157,2.0331542
2158,2.5250008
2159,2.9210403
2160,3.263384
2161,1.0
2162,2.0
2163,2.5
2164,2.9
2165,3.2448277
2166,3.5530105
2167,3.834462
2168,4.095255
2169,4.33944
2170,4.5698843
2171,4.788708
2172,4.997533
2173,5.1976314
2174,5.3900266
2175,5.5755544
2176,5.7549086
2177,5.9286733
2178,6.097345
2179,6.2613506
2180,6.4210606
2181,6.576798
2182,6.7288475
2183,6.8774614
2184,7.022864
2185,7.165256
2186,7.304818
2187,7.4417143
2188,7.576092
2189,7.708086
2190,7.83782
2191,7.9654064
2192,8.090949
2193,8.214544
2194,8.33628
2195,8.456238
2196,8.574493
2197,8.691118
2198,8.806178
2199,8.919735
2200,9.031846
2201,9.142566
2202,9.251945
2203,9.36003
2204,9.466867
2205,9.572499
2206,9.676965
2207,9.780303
2208,9.882549
2209,9.983738
2210,10.0839
2211,10.183068
2212,10.281271
2213,10.378535
2214,10.474888
2215,10.570354
2216,10.664959
2217,10.758724
2218,10.851672
2219,10.943824
2220,11.035199
2221,11.125818
2222,11.215699
2223,11.30486
2224,11.393317
2225,11.481088
2226,11.568188
2227,11.654632
2228,11.740435
2229,11.82561
2230,11.910172
2231,11.994134
2232,12.077508
2233,12.160307
2234,12.242541
2235,12.3242235
2236,12.405365
2237,12.485975
2238,12.566065
2239,12.645644
2240,12.724723
2241,12.80331
2242,12.881415
2243,12.959046
2244,13.036213
2245,13.112923
2246,13.189183
2247,13.265003
2248,13.340389
2249,13.41535
2250,13.489891
2251,13.56402
2252,13.637745
2253,13.711071
2254,13.784005
2255,13.856553
2256,13.928721
2257,14.000516
2258,14.071942
2259,14.143005
2260,14.213712
2261,14.284066
2262,14.3540745
2263,14.423741
2264,14.493072
2265,14.56207
2266,14.630741
2267,14.69909
2268,14.767121
2269,14.834839
2270,14.902247
2271,14.969352
2272,15.036155
2273,15.102661
2274,15.168875
2275,15.234799
2276,15.300439
2277,15.365796
2278,15.430876
2279,15.495681
2280,15.560215
2281,15.624481
2282,15.688483
2283,15.752224
2284,15.815707
2285,15.878936
2286,15.941913
2287,16.00464
2288,16.067122
2289,16.12936
2290,16.191359
2291,16.25312
2292,16.314648
2293,16.375942
2294,16.437008
2295,16.497847
2296,16.55846
2297,16.618853
2298,16.679026
2299,16.738981
2300,16.798721
2301,16.85825
2302,16.917568
2303,16.976679
2304,17.035583
2305,17.094284
2306,17.152782
2307,17.211082
2308,17.269184
2309,17.327091
2310,17.384804
2311,17.442326
2312,17.499657
2313,17.5568
2314,17.613758
2315,17.670532
2316,17.727123
2317,17.783533
2318,17.839766
2319,17.89582
2320,17.9517
2321,18.007404
2322,18.062937
2323,18.1183
2324,18.173492
2325,18.228518
2326,18.283377
2327,18.338072
2328,18.392603
2329,18.446972
2330,18.50118
2331,18.555231
2332,18.609125
2333,18.662863
2334,18.716446
2335,18.769875
2336,18.82315
2337,18.876276
2338,18.929253
2339,18.98208
2340,19.034761
2341,19.087297
2342,19.139688
2343,19.191936
2344,19.244041
2345,19.296005
2346,19.34783
2347,19.399515
2348,19.451063
2349,19.502474
2350,19.55375
2351,19.60489
2352,19.6559
2353,19.706774
2354,19.757517
2355,19.80813
2356,19.858614
2357,19.90897
2358,19.959198
2359,20.0093
2360,20.059277
2361,20.109129
2362,20.158857
2363,20.208464
2364,20.257948
2365,20.307312
2366,20.356556
2367,20.40568
2368,20.454685
2369,20.503574
2370,20.552347
2371,20.601004
2372,20.649546
2373,20.697973
2374,20.746286
2375,20.794487
2376,20.842577
2377,20.890556
2378,20.938425
2379,20.986185
2380,21.033836
2381,21.081379
2382,21.128815
2383,21.176144
2384,21.223366
2385,21.270483
2386,21.317497
2387,21.364407
2388,21.411213
2389,21.457918
2390,21.50452
2391,21.551022
2392,21.597424
2393,21.643724
2394,21.689928
2395,21.736032
2396,21.78204
2397,21.82795
2398,21.873762
2399,21.91948
2400,2.191948
2401,2.648163
2402,3.0257833
2403,3.3562763
2404,3.6542256
2405,3.9278815
2406,4.1824718
2407,4.421565
2408,4.6477294
2409,4.8628883
2410,5.068527
2411,5.2658234
2412,5.455727
2413,5.639021
2414,5.8163567
2415,5.9882855
2416,6.155278
2417,6.3177404
2418,6.476025
2419,6.6304407
2420,6.7812605
2421,6.9287257
2422,7.0730524
2423,7.214434
2424,7.353045
2425,7.489043
2426,7.6225715
2427,7.753761
2428,7.8827305
2429,8.00959
2430,8.13444
2431,8.257375
2432,8.378479
2433,8.497832
2434,8.615509
2435,8.731579
2436,8.846106
2437,8.959149
2438,9.070767
2439,9.181011
2440,9.289931
2441,9.397574
2442,9.503984
2443,9.609203
2444,9.71327
2445,9.816222
2446,9.918095
2447,10.018921
2448,10.118732
2449,10.217559
2450,10.31543
2451,10.412372
2452,10.508411
2453,10.603573
2454,10.697881
2455,10.791357
2456,10.884024
2457,10.975902
2458,11.06701
2459,11.157369
2460,11.246996
2461,11.335909
2462,11.424124
2463,11.511658
2464,11.598526
2465,11.684744
2466,11.770326
2467,11.855285
2468,11.939635
2469,12.02339
2470,12.106561
2471,12.18916
2472,12.2712
2473,12.352692
2474,12.433645
2475,12.514072
2476,12.593983
2477,12.673386
2478,12.752291
2479,12.830708
2480,12.908646
2481,1.2908646
2482,1.0
2483,2.0
2484,2.5
2485,2.9
2486,3.2448277
2487,1.0
2488,2.0
2489,2.5
2490,2.9
2491,3.2448277
2492,3.5530105
2493,3.834462
2494,4.095255
2495,4.33944
2496,4.5698843
2497,4.788708
2498,4.997533
2499,5.1976314
2500,5.3900266
2501,5.5755544
2502,1.0
2503,2.0
2504,2.5
2505,2.9
2506,3.2448277
2507,3.5530105
2508,3.834462
2509,4.095255
2510,4.33944
2511,4.5698843
2512,4.788708
2513,4.997533
2514,5.1976314
2515,5.3900266
2516,5.5755544
2517,5.7549086
2518,5.9286733
2519,6.097345
2520,6.2613506
2521,6.4210606
2522,6.576798
2523,6.7288475
2524,6.8774614
2525,7.022864
2526,7.165256
2527,7.304818
2528,7.4417143
2529,7.576092
2530,7.708086
2531,7.83782
2532,7.9654064
2533,8.090949
2534,8.214544
2535,8.33628
2536,8.456238
2537,8.574493
2538,8.691118
2539,8.806178
2540,8.919735
2541,9.031846
2542,9.142566
2543,9.251945
2544,9.36003
2545,9.466867
2546,9.572499
2547,9.676965
2548,9.780303
2549,9.882549
2550,9.983738
2551,10.0839
2552,10.183068
2553,10.281271
2554,10.378535
2555,10.474888
2556,10.570354
2557,10.664959
2558,10.758724
2559,10.851672
2560,10.943824
2561,11.035199
2562,11.125818
2563,11.215699
2564,11.30486
2565,11.393317
2566,11.481088
2567,11.568188
2568,11.654632
2569,11.740435
2570,11.82561
2571,11.910172
2572,11.994134
2573,12.077508
2574,12.160307
2575,12.242541
2576,12.3242235
2577,12.405365
2578,12.485975
2579,12.566065
2580,12.645644
2581,12.724723
2582,12.80331
2583,12.881415
2584,12.959046
2585,13.036213
2586,13.112923
2587,13.189183
2588,13.265003
2589,13.340389
2590,13.41535
2591,13.489891
2592,13.56402
2593,13.637745
2594,13.711071
2595,13.784005
2596,13.856553
2597,13.928721
2598,14.000516
2599,14.071942
2600,14.143005
2601,14.213712
2602,14.284066
2603,14.3540745
2604,14.423741
2605,14.493072
2606,14.56207
2607,14.630741
2608,14.69909
2609,14.767121
2610,14.834839
2611,14.902247
2612,14.969352
2613,15.036155
2614,15.102661
2615,15.168875
2616,15.234799
2617,15.300439
2618,15.365796
2619,15.430876
2620,15.495681
2621,15.560215
2622,15.624481
2623,15.688483
2624,15.752224
2625,15.815707
2626,15.878936
2627,15.941913
2628,16.00464
2629,16.067122
2630,16.12936
2631,16.191359
2632,16.25312
2633,16.314648
2634,16.375942
2635,16.437008
2636,16.497847
2637,16.55846
2638,16.618853
2639,16.679026
2640,16.738981
2641,16.798721
2642,16.85825
2643,16.917568
2644,16.976679
2645,17.035583
2646,17.094284
2647,17.152782
2648,17.211082
2649,17.269184
2650,17.327091
2651,17.384804
2652,17.442326
2653,17.499657
2654,17.5568
2655,17.613758
2656,17.670532
2657,17.727123
2658,17.783533
2659,17.839766
2660,17.89582
2661,17.9517
2662,18.007404
2663,18.062937
2664,18.1183
2665,18.173492
2666,18.228518
2667,18.283377
2668,18.338072
2669,18.392603
2670,18.446972
2671,18.50118
2672,18.555231
2673,18.609125
2674,18.662863
2675,18.716446
2676,18.769875
2677,18.82315
2678,18.876276
2679,18.929253
2680,18.98208
2681,19.034761
2682,19.087297
2683,19.139688
2684,19.191936
2685,19.244041
2686,19.296005
2687,19.34783
2688,19.399515
2689,19.451063
2690,19.502474
2691,19.55375
2692,19.60489
2693,19.6559
2694,19.706774
2695,19.757517
2696,19.80813
2697,19.858614
2698,19.90897
2699,19.959198
2700,20.0093
2701,20.059277
2702,20.109129
2703,20.158857
2704,20.208464
2705,20.257948
2706,20.307312
2707,20.356556
2708,20.40568
2709,20.454685
2710,20.503574
2711,20.552347
2712,20.601004
2713,20.649546
2714,20.697973
2715,20.746286
2716,20.794487
2717,20.842577
2718,20.890556
2719,20.938425
2720,20.986185
2721,21.033836
2722,2.1033838
2723,2.5788083
2724,2.9665842
2725,3.3036723
2726,3.6063657
2727,3.8836532
2728,4.141143
2729,4.3826222
2730,4.610796
2731,4.827678
2732,5.034817
2733,5.233434
2734,5.4245133
2735,5.6088614
2736,1.0
2737,2.0
2738,2.5
2739,2.9
2740,3.2448277
2741,3.5530105
2742,3.834462
2743,4.095255
2744,4.33944
2745,4.5698843
2746,4.788708
2747,4.997533
2748,5.1976314
2749,5.3900266
2750,5.5755544
2751,5.7549086
2752,5.9286733
2753,6.097345
2754,6.2613506
2755,6.4210606
2756,6.576798
2757,6.7288475
2758,6.8774614
2759,7.022864
2760,7.165256
2761,7.304818
2762,1.0
2763,2.0
2764,2.5
2765,2.9
2766,3.2448277
2767,3.5530105
2768,3.834462
2769,4.095255
2770,4.33944
2771,4.5698843
2772,4.788708
2773,4.997533
2774,5.1976314
2775,5.3900266
2776,5.5755544
2777,5.7549086
2778,5.9286733
2779,6.097345
2780,6.2613506
2781,6.4210606
2782,6.576798
2783,6.7288475
2784,6.8774614
2785,7.022864
2786,7.165256
2787,7.304818
2788,7.4417143
2789,7.576092
2790,7.708086
2791,7.83782
2792,7.9654064
2793,8.090949
2794,8.214544
2795,8.33628
2796,8.456238
2797,8.574493
2798,8.691118
2799,8.806178
2800,8.919735
2801,9.031846
2802,9.142566
2803,9.251945
2804,9.36003
2805,9.466867
2806,1.0
2807,2.0
2808,2.5
2809,2.9
2810,3.2448277
2811,3.5530105
2812,3.834462
2813,4.095255
2814,4.33944
2815,4.5698843
2816,4.788708
2817,4.997533
2818,5.1976314
2819,5.3900266
2820,5.5755544
2821,5.7549086
2822,5.9286733
2823,6.097345
2824,6.2613506
2825,6.4210606
2826,6.576798
2827,6.7288475
2828,6.8774614
2829,7.022864
2830,7.165256
2831,7.304818
2832,7.4417143
2833,7.576092
2834,7.708086
2835,7.83782
2836,7.9654064
2837,8.090949
2838,8.214544
2839,8.33628
2840,8.456238
2841,8.574493
2842,8.691118
2843,8.806178
2844,1.0
2845,2.0
2846,2.5
2847,1.0
2848,2.0
2849,2.5
2850,2.9
2851,3.2448277
2852,3.5530105
2853,3.834462
2854,4.095255
2855,4.33944
2856,4.5698843
2857,4.788708
2858,4.997533
2859,5.1976314
2860,5.3900266
2861,5.5755544
2862,5.7549086
2863,5.9286733
2864,6.097345
2865,6.2613506
2866,6.4210606
2867,6.576798
2868,6.7288475
2869,6.8774614
2870,7.022864
2871,7.165256
2872,7.304818
2873,7.4417143
2874,7.576092
2875,7.708086
2876,7.83782
2877,7.9654064
2878,8.090949
2879,8.214544
2880,8.33628
2881,8.456238
2882,8.574493
2883,8.691118
2884,8.806178
2885,8.919735
2886,9.031846
2887,9.142566
2888,9.251945
2889,9.36003
2890,9.466867
2891,9.572499
2892,9.676965
2893,9.780303
2894,9.882549
2895,9.983738
2896,10.0839
2897,10.183068
2898,10.281271
2899,10.378535
2900,10.474888
2901,10.570354
2902,10.664959
2903,10.758724
2904,10.851672
2905,10.943824
2906,11.035199
2907,11.125818
2908,11.215699
2909,11.30486
2910,11.393317
2911,11.481088
2912,11.568188
2913,11.654632
2914,11.740435
2915,11.82561
2916,11.910172
2917,11.994134
2918,12.077508
2919,12.160307
2920,12.242541
2921,12.3242235
2922,12.405365
2923,12.485975
2924,12.566065
2925,12.645644
2926,12.724723
2927,12.80331
2928,12.881415
2929,12.959046
2930,13.036213
2931,13.112923
2932,13.189183
2933,13.265003
2934,13.340389
2935,13.41535
2936,13.489891
2937,13.56402
2938,13.637745
2939,13.711071
2940,13.784005
2941,13.856553
2942,13.928721
2943,14.000516
2944,14.071942
2945,14.143005
2946,14.213712
2947,14.284066
2948,14.3540745
2949,14.423741
2950,14.493072
2951,14.56207
2952,14.630741
2953,14.69909
2954,14.767121
2955,14.834839
2956,14.902247
2957,14.969352
2958,15.036155
2959,15.102661
2960,15.168875
2961,15.234799
2962,15.300439
2963,15.365796
2964,15.430876
2965,15.495681
2966,15.560215
2967,15.624481
2968,15.688483
2969,15.752224
2970,15.815707
2971,15.878936
2972,15.941913
2973,16.00464
2974,16.067122
2975,16.12936
2976,16.191359
2977,16.25312
2978,16.314648
2979,16.375942
2980,16.437008
2981,16.497847
2982,16.55846
2983,16.618853
2984,16.679026
2985,16.738981
2986,16.798721
2987,16.85825
2988,16.917568
2989,16.976679
2990,17.035583
2991,17.094284
2992,17.152782
2993,17.211082
2994,17.269184
2995,17.327091
2996,17.384804
2997,17.442326
2998,17.499657
2999,17.5568
3000,17.613758
3001,17.670532
3002,17.727123
3003,17.783533
3004,17.839766
3005,17.89582
3006,17.9517
3007,18.007404
3008,18.062937
3009,18.1183
3010,18.173492
3011,18.228518
3012,18.283377
3013,18.338072
3014,18.392603
3015,18.446972
3016,18.50118
3017,18.555231
3018,18.609125
3019,18.662863
3020,18.716446
3021,18.769875
3022,18.82315
3023,18.876276
3024,18.929253
3025,18.98208
3026,19.034761
3027,19.087297
3028,19.139688
3029,19.191936
3030,19.244041
3031,19.296005
3032,19.34783
3033,19.399515
3034,19.451063
3035,19.502474
3036,1.9502474
3037,2.463003
3038,2.8690114
3039,3.2175636
3040,3.5283577
3041,3.8117757
3042,4.0741205
3043,4.3195724
3044,4.551077
3045,4.770805
3046,4.980413
3047,5.1811996
3048,5.374205
3049,5.5602794
3050,5.7401266
3051,5.9143386
3052,6.0834193
3053,6.2478004
3054,6.4078565
3055,6.563915
3056,6.716263
3057,6.865155
3058,7.0108185
3059,7.1534553
3060,7.2932477
3061,7.430361
3062,7.564944
3063,7.6971326
3064,7.827051
3065,7.954813
3066,8.0805235
3067,8.204278
3068,8.326165
3069,8.446268
3070,8.564664
3071,8.681422
3072,8.796611
3073,8.910291
3074,9.02252
3075,1.0
3076,2.0
3077,2.5
3078,2.9
3079,3.2448277
3080,3.5530105
3081,3.834462
3082,4.095255
3083,4.33944
3084,4.5698843
3085,4.788708
3086,4.997533
3087,5.1976314
3088,5.3900266
3089,5.5755544
3090,5.7549086
3091,5.9286733
3092,6.097345
3093,6.2613506
3094,6.4210606
3095,6.576798
3096,6.7288475
3097,6.8774614
3098,7.022864
3099,7.165256
3100,7.304818
3101,7.4417143
3102,7.576092
3103,7.708086
3104,7.83782
3105,7.9654064
3106,8.090949
3107,8.214544
3108,8.33628
3109,8.456238
3110,8.574493
3111,8.691118
3112,8.806178
3113,8.919735
3114,9.031846
3115,9.142566
3116,9.251945
3117,9.36003
3118,9.466867
3119,9.572499
3120,9.676965
3121,9.780303
3122,9.882549
3123,9.983738
3124,10.0839
3125,10.183068
3126,10.281271
3127,10.378535
3128,10.474888
3129,10.570354
3130,10.664959
3131,10.758724
3132,10.851672
3133,10.943824
3134,11.035199
3135,11.125818
3136,11.215699
3137,11.30486
3138,11.393317
3139,11.481088
3140,11.568188
3141,11.654632
3142,11.740435
3143,11.82561
3144,11.910172
3145,11.994134
3146,12.077508
3147,12.160307
3148,12.242541
3149,12.3242235
3150,12.405365
3151,12.485975
3152,12.566065
3153,12.645644
3154,12.724723
3155,12.80331
3156,12.881415
3157,12.959046
3158,13.036213
3159,13.112923
3160,13.189183
3161,13.265003
3162,13.340389
3163,13.41535
3164,13.489891
3165,13.56402
3166,13.637745
3167,13.711071
3168,13.784005
3169,13.856553
3170,13.928721
3171,14.000516
3172,14.071942
3173,14.143005
3174,14.213712
3175,14.284066
3176,14.3540745
3177,14.423741
3178,14.493072
3179,14.56207
3180,14.630741
3181,14.69909
3182,14.767121
3183,14.834839
3184,14.902247
3185,14.969352
3186,15.036155
3187,15.102661
3188,15.168875
3189,15.234799
3190,15.300439
3191,15.365796
3192,15.430876
3193,15.495681
3194,15.560215
3195,15.624481
3196,15.688483
3197,15.752224
3198,15.815707
3199,15.878936
3200,15.941913
3201,16.00464
3202,16.067122
3203,16.12936
3204,16.191359
3205,16.25312
3206,16.314648
3207,16.375942
3208,16.437008
3209,16.497847
3210,16.55846
3211,16.618853
3212,16.679026
3213,16.738981
3214,16.798721
3215,16.85825
3216,16.917568
3217,16.976679
3218,17.035583
3219,17.094284
3220,17.152782
3221,17.211082
3222,17.269184
3223,17.327091
3224,17.384804
3225,17.442326
3226,17.499657
3227,17.5568
3228,17.613758
3229,17.670532
3230,17.727123
3231,17.783533
3232,17.839766
3233,17.89582
3234,17.9517
3235,18.007404
3236,18.062937
3237,18.1183
3238,18.173492
3239,18.228518
3240,18.283377
3241,18.338072
3242,18.392603
3243,18.446972
3244,18.50118
3245,18.555231
3246,18.609125
3247,18.662863
3248,18.716446
3249,18.769875
3250,18.82315
3251,18.876276
3252,18.929253
3253,18.98208
3254,19.034761
3255,19.087297
3256,19.139688
3257,19.191936
3258,19.244041
3259,19.296005
3260,19.34783
3261,19.399515
3262,19.451063
3263,19.502474
3264,19.55375
3265,19.60489
3266,19.6559
3267,19.706774
3268,19.757517
3269,19.80813
3270,19.858614
3271,19.90897
3272,19.959198
3273,20.0093
3274,20.059277
3275,20.109129
3276,20.158857
3277,20.208464
3278,20.257948
3279,20.307312
3280,20.356556
3281,20.40568
3282,20.454685
3283,20.503574
3284,20.552347
3285,20.601004
3286,20.649546
3287,2.0649545
3288,2.5492268
3289,2.9415026
3290,3.2814648
3291,3.5862067
3292,3.865053
3293,4.1237817
3294,4.3662777
3295,4.595306
3296,4.812919
3297,5.0206933
3298,5.219869
3299,5.4114447
3300,5.596238
3301,5.7749295
3302,5.948092
3303,6.1162133
3304,6.279713
3305,1.0
3306,2.0
3307,2.5
3308,2.9
3309,3.2448277
3310,3.5530105
3311,3.834462
3312,4.095255
3313,4.33944
3314,4.5698843
3315,4.788708
3316,4.997533
3317,5.1976314
3318,5.3900266
3319,5.5755544
3320,5.7549086
3321,5.9286733
3322,6.097345
3323,6.2613506
3324,6.4210606
3325,6.576798
3326,6.7288475
3327,6.8774614
3328,7.022864
3329,7.165256
3330,7.304818
3331,1.0
3332,2.0
3333,2.5
3334,2.9
3335,3.2448277
3336,3.5530105
3337,3.834462
3338,4.095255
3339,4.33944
3340,4.5698843
3341,4.788708
3342,4.997533
3343,5.1976314
3344,5.3900266
3345,5.5755544
3346,5.7549086
3347,5.9286733
3348,1.0
3349,2.0
3350,2.5
3351,2.9
3352,3.2448277
3353,3.5530105
3354,3.834462
3355,4.095255
3356,4.33944
3357,4.5698843
3358,4.788708
3359,4.997533
3360,5.1976314
3361,5.3900266
3362,5.5755544
3363,5.7549086
3364,5.9286733
3365,6.097345
3366,6.2613506
3367,6.4210606
3368,6.576798
3369,6.7288475
3370,6.8774614
3371,7.022864
3372,7.165256
3373,7.304818
3374,7.4417143
3375,7.576092
3376,7.708086
3377,7.83782
3378,7.9654064
3379,8.090949
3380,8.214544
3381,8.33628
3382,8.456238
3383,8.574493
3384,8.691118
3385,8.806178
3386,8.919735
3387,9.031846
3388,9.142566
3389,9.251945
3390,9.36003
3391,9.466867
3392,9.572499
3393,9.676965
3394,9.780303
3395,9.882549
3396,9.983738
3397,10.0839
3398,10.183068
3399,10.281271
3400,10.378535
3401,10.474888
3402,10.570354
3403,10.664959
3404,10.758724
3405,10.851672
3406,10.943824
3407,11.035199
3408,11.125818
3409,11.215699
3410,11.30486
3411,11.393317
3412,11.481088
3413,11.568188
3414,11.654632
3415,11.740435
3416,11.82561
3417,11.910172
3418,1.1910173
3419,2.0306356
3420,1.0
3421,2.0
3422,2.5
3423,2.9
3424,3.2448277
3425,3.5530105
3426,3.834462
3427,4.095255
3428,4.33944
3429,4.5698843
3430,4.788708
3431,4.997533
3432,5.1976314
3433,5.3900266
3434,5.5755544
3435,5.7549086
3436,5.9286733
3437,6.097345
3438,6.2613506
3439,6.4210606
3440,6.576798
3441,6.7288475
3442,6.8774614
3443,7.022864
3444,7.165256
3445,7.304818
3446,7.4417143
3447,1.0
3448,2.0
3449,2.5
3450,2.9
3451,3.2448277
3452,3.5530105
3453,3.834462
3454,4.095255
3455,4.33944
3456,4.5698843
3457,4.788708
3458,4.997533
3459,5.1976314
3460,5.3900266
3461,5.5755544
3462,5.7549086
3463,5.9286733
3464,6.097345
3465,6.2613506
3466,6.4210606
3467,6.576798
3468,6.7288475
3469,6.8774614
3470,7.022864
3471,7.165256
3472,7.304818
3473,7.4417143
3474,7.576092
3475,7.708086
3476,7.83782
3477,7.9654064
3478,8.090949
3479,8.214544
3480,8.33628
3481,8.456238
3482,8.574493
3483,8.691118
3484,8.806178
3485,8.919735
3486,9.031846
3487,9.142566
3488,9.251945
3489,9.36003
3490,9.466867
3491,9.572499
3492,1.0
3493,2.0
3494,2.5
3495,2.9
3496,3.2448277
3497,3.5530105
3498,3.834462
3499,4.095255
3500,4.33944
3501,4.5698843
3502,4.788708
3503,4.997533
3504,5.1976314
3505,5.3900266
3506,5.5755544
3507,5.7549086
3508,5.9286733
3509,6.097345
3510,6.2613506
3511,6.4210606
3512,6.576798
3513,6.7288475
3514,6.8774614
3515,7.022864
3516,7.165256
3517,7.304818
3518,7.4417143
3519,7.576092
3520,7.708086
3521,7.83782
3522,7.9654064
3523,8.090949
3524,8.214544
3525,8.33628
3526,8.456238
3527,8.574493
3528,8.691118
3529,8.806178
3530,8.919735
3531,9.031846
3532,9.142566
3533,9.251945
3534,9.36003
3535,9.466867
3536,9.572499
3537,9.676965
3538,9.780303
3539,9.882549
3540,9.983738
3541,10.0839
3542,10.183068
3543,10.281271
3544,10.378535
3545,10.474888
3546,10.570354
3547,10.664959
3548,10.758724
3549,10.851672
3550,10.943824
3551,11.035199
3552,11.125818
3553,11.215699
3554,11.30486
3555,11.393317
3556,11.481088
3557,11.568188
3558,11.654632
3559,11.740435
3560,11.82561
3561,11.910172
3562,11.994134
3563,12.077508
3564,12.160307
3565,12.242541
3566,12.3242235
3567,12.405365
3568,12.485975
3569,12.566065
3570,12.645644
3571,12.724723
3572,12.80331
3573,12.881415
3574,12.959046
3575,13.036213
3576,13.112923
3577,13.189183
3578,13.265003
3579,13.340389
3580,13.41535
3581,13.489891
3582,13.56402
3583,13.637745
3584,13.711071
3585,13.784005
3586,13.856553
3587,13.928721
3588,14.000516
3589,14.071942
3590,14.143005
3591,14.213712
3592,14.284066
3593,14.3540745
3594,14.423741
3595,14.493072
3596,14.56207
3597,14.630741
3598,14.69909
3599,14.767121
3600,14.834839
3601,14.902247
3602,14.969352
3603,15.036155
3604,15.102661
3605,15.168875
3606,15.234799
3607,15.300439
3608,15.365796
3609,15.430876
3610,15.495681
3611,15.560215
3612,15.624481
3613,15.688483
3614,15.752224
3615,15.815707
3616,15.878936
3617,15.941913
3618,16.00464
3619,16.067122
3620,16.12936
3621,1.612936
3622,2.2329235
3623,2.6807668
3624,3.0537944
3625,3.3812559
3626,3.6770039
3627,3.9489644
3628,4.202195
3629,4.440166
3630,4.665383
3631,4.8797274
3632,5.0846567
3633,5.281327
3634,5.470673
3635,5.6534657
3636,5.8303485
3637,6.001865
3638,6.16848
3639,6.3305945
3640,6.488558
3641,6.6426754
3642,6.793217
3643,6.940423
3644,7.0845065
3645,7.2256594
3646,7.364055
3647,7.49985
3648,7.633186
3649,7.7641926
3650,7.892989
3651,8.019684
3652,8.144377
3653,8.26716
3654,8.388121
3655,8.507337
3656,8.624882
3657,8.740826
3658,8.855231
3659,8.968159
3660,9.079664
3661,9.1898
3662,9.298616
3663,9.406159
3664,9.512473
3665,9.617599
3666,9.721575
3667,9.824439
3668,9.926226
3669,10.026969
3670,10.1267
3671,1.01267
3672,2.0001585
3673,2.500119
3674,2.9001
3675,3.2449157
3676,3.55309
3677,3.8345351
3678,4.095323
3679,4.3395042
3680,4.5699453
3681,4.7887664
3682,4.9975886
3683,5.1976852
3684,5.3900785
3685,5.5756044
3686,5.754957
3687,5.9287205
3688,6.097391
3689,6.2613955
3690,6.4211044
3691,6.576841
3692,6.7288895
3693,6.8775024
3694,7.022904
3695,7.165295
3696,7.304857
3697,7.441752
3698,7.576129
3699,7.7081223
3700,7.8378553
3701,7.965441
3702,8.090983
3703,8.214578
3704,8.336312
3705,8.456269
3706,8.574525
3707,8.69115
3708,8.80621
3709,8.919765
3710,9.031876
3711,9.142594
3712,9.251972
3713,9.360057
3714,9.466894
3715,9.572525
3716,9.6769905
3717,9.780329
3718,9.882575
3719,9.983764
3720,10.083926
3721,10.183094
3722,10.281296
3723,10.37856
3724,10.474913
3725,10.570379
3726,10.664983
3727,10.758748
3728,10.851696
3729,10.943848
3730,11.035223
3731,11.125842
3732,11.215723
3733,11.304884
3734,11.393341
3735,11.481112
3736,1.1481112
3737,2.0191069
3738,2.5143754
3739,2.9120884
3740,3.2554846
3741,3.5626585
3742,3.8433478
3743,4.1035376
3744,4.34723
3745,4.5772614
3746,4.7957325
3747,5.004251
3748,5.204081
3749,5.396238
3750,5.581552
3751,5.7607136
3752,5.9343033
3753,6.102815
3754,6.266674
3755,6.4262486
3756,6.5818605
3757,6.7337933
3758,6.882298
3759,7.0275984
3760,7.1698947
3761,7.3093667
3762,7.4461775
3763,7.5804744
3764,7.7123923
3765,7.842054
3766,7.9695716
3767,8.095049
3768,8.218581
3769,8.340257
3770,8.460157
3771,8.578359
3772,8.694931
3773,8.80994
3774,8.923449
3775,9.035513
3776,9.146188
3777,9.255523
3778,9.363566
3779,9.470364
3780,9.575956
3781,9.680385
3782,9.783687
3783,9.885898
3784,9.987052
3785,10.087182
3786,10.186317
3787,10.284489
3788,10.381722
3789,10.478045
3790,10.573483
3791,10.668059
3792,10.761797
3793,10.854718
3794,10.946844
3795,11.038195
3796,11.128789
3797,11.218646
3798,11.307783
3799,11.396217
3800,11.483966
3801,11.571044
3802,11.657467
3803,11.743249
3804,11.828404
3805,11.912947
3806,11.996889
3807,12.080244
3808,12.163024
3809,12.24524
3810,12.326904
3811,12.408028
3812,12.488621
3813,12.568694
3814,12.648257
3815,12.72732
3816,12.805891
3817,12.88398
3818,12.961596
3819,13.038747
3820,13.115441
3821,13.191688
3822,13.267493
3823,13.342865
3824,13.417811
3825,13.492339
3826,13.566455
3827,13.640166
3828,13.713479
3829,13.7864
3830,13.858935
3831,13.931091
3832,14.002873
3833,14.074287
3834,14.145339
3835,14.216034
3836,14.286377
3837,14.356374
3838,14.426029
3839,14.495348
3840,14.564336
3841,14.632997
3842,14.701335
3843,14.769356
3844,14.837064
3845,14.904463
3846,14.971557
3847,15.03835
3848,15.104847
3849,15.171051
3850,15.236966
3851,15.302596
3852,15.367945
3853,15.433015
3854,15.497811
3855,15.562337
3856,15.626595
3857,15.690588
3858,15.75432
3859,15.817795
3860,15.881015
3861,15.943983
3862,16.006702
3863,16.069176
3864,16.131407
3865,16.193398
3866,16.255152
3867,16.316671
3868,16.377958
3869,16.439016
3870,16.499847
3871,16.560453
3872,16.620838
3873,16.681004
3874,16.740952
3875,16.800686
3876,16.860207
3877,16.919518
3878,16.97862
3879,17.037518
3880,17.096212
3881,17.154705
3882,17.212997
3883,17.271093
3884,17.328993
3885,17.3867
3886,17.444216
3887,17.501541
3888,17.55868
3889,17.615631
3890,17.6724
3891,17.728985
3892,17.785389
3893,17.841616
3894,17.897665
3895,17.953539
3896,18.009237
3897,18.064764
3898,18.120121
3899,18.175308
3900,18.230328
3901,18.285181
3902,18.33987
3903,18.394396
3904,18.448761
3905,18.502966
3906,18.55701
3907,18.610899
3908,18.66463
3909,18.718208
3910,18.771633
3911,18.824905
3912,18.878027
3913,18.930998
3914,18.983822
3915,19.036499
3916,19.08903
3917,19.141415
3918,19.193657
3919,19.245758
3920,19.297718
3921,19.349537
3922,19.401218
3923,19.45276
3924,19.504168
3925,19.555439
3926,19.606575
3927,19.657578
3928,19.708448
3929,19.759188
3930,19.809797
3931,19.860277
3932,19.91063
3933,19.960854
3934,20.010952
3935,20.060925
3936,20.110773
3937,20.160498
3938,20.2101
3939,20.25958
3940,20.30894
3941,20.358181
3942,20.4073
3943,20.456303
3944,20.505188
3945,20.553957
3946,20.60261
3947,20.651148
3948,20.699572
3949,20.74788
3950,20.796078
3951,20.844164
3952,20.89214
3953,20.940004
3954,20.98776
3955,21.035408
3956,21.082947
3957,21.130379
3958,21.177704
3959,21.224924
3960,21.27204
3961,21.31905
3962,21.365955
3963,21.412758
3964,21.45946
3965,21.50606
3966,21.552559
3967,21.598957
3968,21.645256
3969,21.691456
3970,21.737556
3971,21.78356
3972,21.829466
3973,21.875275
3974,21.920988
3975,21.966606
3976,22.01213
3977,22.05756
3978,22.102896
3979,22.148138
3980,22.193289
3981,22.238348
3982,22.283316
3983,22.328192
3984,22.372978
3985,22.417675
3986,22.462282
3987,22.506802
3988,22.551233
3989,22.595577
3990,22.639833
3991,22.684004
3992,22.728088
3993,22.772087
3994,22.816
3995,22.859829
3996,22.903574
3997,22.947235
3998,22.990814
3999,23.03431
4000,23.077723
4001,23.121054
4002,23.164305
4003,23.207474
4004,23.250563
4005,23.293571
4006,23.336502
4007,23.379353
4008,23.422125
4009,23.464819
4010,23.507437
4011,23.549976
4012,23.59244
4013,23.634827
4014,23.677137
4015,23.719372
4016,23.761532
4017,23.803617
4018,23.845629
4019,23.887566
4020,23.929428
4021,23.971218
4022,24.012936
4023,24.05458
4024,24.096153
4025,24.137653
4026,24.179083
4027,24.220442
4028,24.26173
4029,24.302948
4030,24.344095
4031,24.385174
4032,24.426182
4033,24.467121
4034,24.507992
4035,24.548796
4036,24.58953
4037,24.6302
4038,24.6708
4039,24.711332
4040,24.7518
4041,24.792202
4042,24.832537
4043,24.872807
4044,24.913012
4045,24.953152
4046,24.993227
4047,25.033237
4048,25.073185
4049,25.113068
4050,25.152887
4051,25.192644
4052,25.232338
4053,25.271969
4054,25.311539
4055,25.351046
4056,25.390491
4057,25.429876
4058,25.4692
4059,25.508463
4060,25.547665
4061,25.586807
4062,25.62589
4063,25.664913
4064,25.703876
4065,25.74278
4066,25.781626
4067,25.820414
4068,25.859142
4069,25.897814
4070,25.936426
4071,25.974981
4072,26.01348
4073,26.05192
4074,26.090305
4075,26.128633
4076,26.166906
4077,26.205122
4078,26.243282
4079,26.281387
4080,26.319437
4081,26.357431
4082,26.39537
4083,26.433256
4084,26.471087
4085,26.508863
4086,26.546587
4087,26.584257
4088,26.621874
4089,26.659437
4090,26.696947
4091,26.734406
4092,26.77181
4093,26.809164
4094,26.846464
4095,26.883713
4096,26.92091
4097,26.958055
4098,26.99515
4099,27.032194
4100,27.069187
4101,27.106129
4102,27.14302
4103,27.179863
4104,27.216656
4105,27.253397
4106,27.29009
4107,27.326735
4108,27.363329
4109,27.399874
4110,27.43637
4111,27.472818
4112,27.509218
4113,27.54557
4114,27.581873
4115,27.618128
4116,2.761813
4117,3.123894
4118,3.4440074
4119,3.734367
4120,4.00215
4121,4.2520156
4122,4.4871984
4123,4.7100544
4124,4.922366
4125,5.1255207
4126,5.320623
4127,5.5085707
4128,5.690106
4129,5.8658495
4130,6.036328
4131,6.2019916
4132,6.36323
4133,6.520383
4134,6.673748
4135,6.823589
4136,6.9701395
4137,7.113609
4138,7.2541842
4139,7.3920355
4140,7.527316
4141,7.660166
4142,7.7907114
4143,7.9190693
4144,8.045347
4145,8.169642
4146,8.292047
4147,8.412644
4148,8.531513
4149,8.6487255
4150,8.76435
4151,8.8784485
4152,8.991081
4153,9.102303
4154,9.212165
4155,9.320717
4156,9.428005
4157,9.534072
4158,9.638959
4159,9.742704
4160,9.8453455
4161,9.946917
4162,10.04745
4163,10.146977
4164,10.245529
4165,10.343133
4166,10.4398155
4167,10.535603
4168,10.630519
4169,10.724587
4170,10.817831
4171,10.910271
4172,11.001927
4173,11.09282
4174,11.182968
4175,11.272389
4176,11.361102
4177,11.449121
4178,11.536465
4179,11.623146
4180,11.709181
4181,11.794584
4182,11.879369
4183,11.963549
4184,12.047136
4185,12.130143
4186,12.212583
4187,12.294465
4188,12.375802
4189,12.456605
4190,12.536883
4191,12.616648
4192,12.695909
4193,12.774674
4194,12.852954
4195,12.930757
4196,13.008092
4197,13.084968
4198,13.161391
4199,13.237371
4200,13.312915
4201,13.38803
4202,13.462724
4203,13.537003
4204,13.610874
4205,13.684345
4206,13.7574215
4207,13.83011
4208,13.902415
4209,13.974345
4210,14.045905
4211,14.1171
4212,14.187936
4213,14.258418
4214,14.328552
4215,14.398343
4216,14.467795
4217,14.536915
4218,14.605705
4219,14.674171
4220,14.742318
4221,14.81015
4222,14.877671
4223,14.944886
4224,15.011799
4225,15.078413
4226,15.144733
4227,15.210763
4228,15.276505
4229,15.341966
4230,15.407146
4231,15.472052
4232,15.536684
4233,15.6010475
4234,15.665146
4235,15.728982
4236,15.792559
4237,15.85588
4238,15.918948
4239,15.981767
4240,16.044338
4241,16.106665
4242,16.16875
4243,16.230598
4244,16.29221
4245,16.353588
4246,16.414738
4247,16.475658
4248,16.536354
4249,16.596827
4250,16.65708
4251,16.717113
4252,16.776932
4253,16.836538
4254,16.895933
4255,16.955118
4256,17.014097
4257,17.072872
4258,17.131445
4259,17.189817
4260,17.247992
4261,17.30597
4262,17.363752
4263,17.421343
4264,17.478745
4265,17.535957
4266,17.592983
4267,17.649824
4268,17.706482
4269,17.762959
4270,17.819256
4271,17.875376
4272,17.931318
4273,17.987087
4274,18.042683
4275,18.098106
4276,18.15336
4277,18.208447
4278,18.263367
4279,18.318121
4280,18.372711
4281,18.42714
4282,18.481407
4283,18.535515
4284,18.589466
4285,18.643261
4286,18.6969
4287,18.750383
4288,18.803715
4289,18.856895
4290,18.909927
4291,18.96281
4292,19.015545
4293,19.068134
4294,19.120579
4295,19.172878
4296,19.225035
4297,19.27705
4298,19.328926
4299,19.380663
4300,19.43226
4301,19.48372
4302,19.535046
4303,19.586235
4304,19.637291
4305,19.688215
4306,19.739008
4307,19.789669
4308,19.8402
4309,19.890604
4310,19.94088
4311,19.991028
4312,20.04105
4313,20.090948
4314,20.140722
4315,20.190372
4316,20.2399
4317,20.289309
4318,20.338596
4319,20.387764
4320,20.436813
4321,20.485744
4322,20.53456
4323,20.583258
4324,20.631842
4325,20.680311
4326,20.728666
4327,20.776909
4328,20.825039
4329,20.873058
4330,20.920967
4331,20.968765
4332,21.016455
4333,21.064037
4334,21.111511
4335,21.158878
4336,2.1158879
4337,2.5885026
4338,2.9748263
4339,3.3109803
4340,3.6130056
4341,3.8897834
4342,4.1468673
4343,4.3880134
4344,4.6159067
4345,4.832549
4346,5.0394793
4347,5.2379127
4348,5.4288282
4349,5.61303
4350,5.791187
4351,5.963863
4352,6.1315393
4353,6.2946305
4354,6.453496
4355,6.608451
4356,6.7597723
4357,6.9077063
4358,7.052472
4359,7.1942663
4360,7.333266
4361,7.4696307
4362,7.603506
4363,7.7350245
4364,7.8643064
4365,7.991463
4366,8.116597
4367,8.239801
4368,8.361163
4369,8.480763
4370,8.598678
4371,8.714974
4372,8.82972
4373,8.942973
4374,9.054792
4375,9.165231
4376,9.274339
4377,9.382163
4378,9.488749
4379,9.594136
4380,9.698366
4381,9.8014765
4382,9.9035015
4383,10.004476
4384,10.104431
4385,10.203398
4386,10.301404
4387,10.3984785
4388,10.494646
4389,10.589932
4390,10.684361
4391,10.777956
4392,10.870738
4393,10.9627285
4394,11.0539465
4395,11.144412
4396,11.234143
4397,11.323157
4398,11.411472
4399,11.499104
4400,11.586067
4401,11.672378
4402,11.75805
4403,11.843098
4404,11.927535
4405,12.011374
4406,12.094629
4407,12.177311
4408,12.259431
4409,12.341001
4410,12.422031
4411,12.502534
4412,12.582518
4413,12.661993
4414,12.74097
4415,12.819457
4416,12.897464
4417,12.974998
4418,13.05207
4419,13.128686
4420,13.204855
4421,13.280584
4422,13.355883
4423,13.430756
4424,13.505212
4425,13.579257
4426,13.652899
4427,13.726143
4428,13.798997
4429,13.871466
4430,13.943556
4431,14.015273
4432,14.086624
4433,14.157614
4434,14.228247
4435,14.29853
4436,14.368467
4437,14.438065
4438,14.507326
4439,14.576257
4440,14.644861
4441,14.713144
4442,14.781111
4443,14.848764
4444,14.91611
4445,14.983151
4446,15.049893
4447,15.116339
4448,15.182492
4449,15.248358
4450,15.313938
4451,15.379238
4452,15.444261
4453,15.509009
4454,15.573488
4455,15.6377
4456,15.701648
4457,15.765335
4458,15.828765
4459,15.891941
4460,15.954866
4461,16.017544
4462,16.079975
4463,16.142164
4464,16.204113
4465,16.265825
4466,16.327303
4467,16.38855
4468,16.449568
4469,16.510359
4470,16.570927
4471,16.631273
4472,16.6914
4473,16.751312
4474,16.811008
4475,16.870493
4476,16.929768
4477,16.988834
4478,17.047697
4479,17.106356
4480,17.164814
4481,17.223072
4482,17.281134
4483,17.339
4484,17.396673
4485,17.454155
4486,17.511448
4487,17.568554
4488,17.625473
4489,17.682209
4490,17.738764
4491,17.795137
4492,17.851332
4493,17.90735
4494,17.963194
4495,18.018864
4496,18.074362
4497,18.129688
4498,18.184847
4499,18.239838
4500,18.294662
4501,18.349323
4502,18.403822
4503,18.458158
4504,18.512335
4505,18.566353
4506,18.620214
4507,18.67392
4508,1.867392
4509,2.4028983
4510,2.8190625
4511,3.1737905
4512,3.488871
4513,3.7754967
4514,4.0403624
4515,4.2878647
4516,4.521081
4517,4.742267
4518,4.953137
4519,5.1550293
4520,5.3490148
4521,5.535965
4522,5.716602
4523,5.891531
4524,6.061266
4525,6.226248
4526,6.386858
4527,6.5434294
4528,6.6962543
4529,6.8455915
4530,6.991671
4531,7.1346984
4532,7.2748585
4533,7.412318
4534,7.547229
4535,7.6797276
4536,7.8099403
4537,7.937982
4538,8.063959
4539,8.187967
4540,8.310098
4541,8.430433
4542,8.549051
4543,8.666023
4544,8.781417
4545,8.895294
4546,9.007713
4547,9.11873
4548,9.228394
4549,9.336755
4550,9.443858
4551,9.549747
4552,9.654462
4553,9.758041
4554,9.860521
4555,9.961936
4556,10.062318
4557,10.161698
4558,10.260107
4559,10.357572
4560,10.45412
4561,10.549776
4562,10.644565
4563,10.738509
4564,10.831632
4565,10.923954
4566,11.015496
4567,11.106277
4568,11.196317
4569,11.285632
4570,11.37424
4571,11.462158
4572,11.549402
4573,11.635986
4574,1.1635987
4575,2.0230014
4576,2.5173163
4577,2.9145648
4578,3.2576692
4579,3.5646372
4580,3.8451707
4581,4.105237
4582,4.3488283
4583,4.5787754
4584,4.7971745
4585,5.0056305
4586,5.2054057
4587,5.397514
4588,5.582784
4589,5.761906
4590,5.9354596
4591,6.1039386
4592,6.2677674
4593,6.427314
4594,6.5828996
4595,6.7348084
4596,6.883291
4597,7.02857
4598,7.1708465
4599,7.3103
4600,7.447093
4601,7.5813737
4602,7.713276
4603,7.8429227
4604,7.970426
4605,8.09589
4606,8.21941
4607,8.341073
4608,8.460961
4609,8.579151
4610,8.695713
4611,8.810712
4612,8.92421
4613,9.036264
4614,9.14693
4615,9.256256
4616,9.364291
4617,9.47108
4618,9.576664
4619,9.681085
4620,9.784379
4621,9.886582
4622,9.98773
4623,10.0878525
4624,10.186981
4625,10.285146
4626,10.382374
4627,10.478691
4628,10.574122
4629,10.668693
4630,10.762424
4631,10.85534
4632,10.94746
4633,11.038806
4634,11.1293955
4635,11.219248
4636,11.30838
4637,11.396811
4638,11.484554
4639,11.571628
4640,11.658046
4641,11.743823
4642,11.828974
4643,11.913512
4644,11.997451
4645,12.080802
4646,12.163578
4647,12.2457905
4648,12.327451
4649,12.40857
4650,12.48916
4651,12.569229
4652,12.648788
4653,12.727847
4654,12.806415
4655,12.8845005
4656,12.962113
4657,13.039261
4658,13.1159525
4659,13.192196
4660,13.267999
4661,13.343368
4662,13.418311
4663,13.492836
4664,13.56695
4665,13.640658
4666,13.713968
4667,13.786886
4668,13.859419
4669,13.931572
4670,14.003351
4671,14.074762
4672,14.145811
4673,14.216503
4674,14.286844
4675,14.356839
4676,14.426493
4677,14.49581
4678,14.564795
4679,14.633453
4680,14.70179
4681,14.769809
4682,14.837515
4683,14.904912
4684,14.972004
4685,15.038795
4686,15.10529
4687,15.171493
4688,15.237406
4689,15.303034
4690,15.368381
4691,15.433449
4692,15.498243
4693,15.562767
4694,15.627023
4695,15.691014
4696,15.7547455
4697,15.818218
4698,15.881436
4699,15.944403
4700,16.00712
4701,16.069592
4702,16.13182
4703,16.19381
4704,16.255562
4705,16.31708
4706,16.378365
4707,16.43942
4708,16.50025
4709,16.560856
4710,16.621239
4711,16.681402
4712,16.741348
4713,16.80108
4714,16.860601
4715,16.91991
4716,16.979012
4717,17.037909
4718,17.096601
4719,17.155092
4720,17.213385
4721,17.271479
4722,17.329378
4723,17.387083
4724,17.444597
4725,17.50192
4726,17.559057
4727,17.616009
4728,17.672775
4729,17.729359
4730,17.785763
4731,17.841988
4732,17.898035
4733,17.953907
4734,18.009605
4735,18.065132
4736,18.120487
4737,18.175673
4738,18.230692
4739,18.285545
4740,18.340233
4741,18.394758
4742,18.449121
4743,18.503325
4744,18.55737
4745,18.611256
4746,18.664986
4747,18.718561
4748,18.771984
4749,18.825254
4750,18.878374
4751,18.931345
4752,18.984167
4753,19.036842
4754,19.089373
4755,19.141758
4756,19.194
4757,19.2461
4758,19.298058
4759,19.349876
4760,19.401556
4761,19.453098
4762,19.504503
4763,19.555773
4764,19.606909
4765,19.657911
4766,19.708782
4767,19.759521
4768,19.81013
4769,19.86061
4770,19.91096
4771,19.961184
4772,20.01128
4773,20.061253
4774,20.1111
4775,20.160824
4776,20.210424
4777,20.259903
4778,20.309261
4779,20.3585
4780,20.40762
4781,20.456621
4782,20.505505
4783,20.554272
4784,20.602922
4785,20.651459
4786,20.69988
4787,20.74819
4788,20.796387
4789,20.844473
4790,20.892447
4791,20.940311
4792,20.988066
4793,21.035711
4794,21.08325
4795,21.130682
4796,21.178007
4797,21.225225
4798,21.272339
4799,21.319347
4800,21.366253
4801,21.413055
4802,21.459757
4803,21.506355
4804,21.552853
4805,21.59925
4806,21.645548
4807,21.691748
4808,21.737848
4809,21.783852
4810,21.829758
4811,21.875566
4812,21.92128
4813,21.966898
4814,22.01242
4815,22.05785
4816,22.103186
4817,22.148428
4818,22.193579
4819,22.238636
4820,22.283604
4821,22.32848
4822,22.373266
4823,22.417963
4824,22.46257
4825,22.50709
4826,22.55152
4827,22.595861
4828,22.640118
4829,22.684286
4830,22.728369
4831,22.772367
4832,22.81628
4833,22.86011
4834,22.903854
4835,22.947515
4836,22.991093
4837,23.034588
4838,23.078001
4839,23.121332
4840,23.164583
4841,23.207752
4842,23.250841
4843,23.29385
4844,23.33678
4845,23.379631
4846,23.422403
4847,23.465097
4848,23.507713
4849,23.550253
4850,23.592716
4851,23.635101
4852,23.677412
4853,23.719646
4854,23.761806
4855,23.80389
4856,23.8459
4857,23.887836
4858,23.929699
4859,23.971489
4860,24.013205
4861,24.054848
4862,24.09642
4863,24.13792
4864,24.17935
4865,24.220707
4866,24.261993
4867,24.30321
4868,24.344357
4869,24.385433
4870,24.426441
4871,24.46738
4872,24.508251
4873,24.549053
4874,24.589788
4875,24.630455
4876,24.671055
4877,24.711588
4878,24.752054
4879,24.792456
4880,24.83279
4881,24.87306
4882,24.913265
4883,24.953405
4884,24.99348
4885,25.033491
4886,25.073437
4887,25.11332
4888,25.15314
4889,25.192896
4890,25.23259
4891,25.27222
4892,25.31179
4893,25.351297
4894,25.390743
4895,25.430128
4896,25.469452
4897,25.508715
4898,25.547916
4899,25.587059
4900,25.62614
4901,25.665163
4902,25.704126
4903,25.74303
4904,25.781876
4905,25.820663
4906,25.859392
4907,25.898064
4908,25.936676
4909,25.975231
4910,26.01373
4911,26.05217
4912,26.090555
4913,26.128883
4914,26.167154
4915,26.20537
4916,26.24353
4917,26.281635
4918,26.319685
4919,26.35768
4920,26.395618
4921,26.433504
4922,26.471334
4923,26.509111
4924,26.546835
4925,26.584505
4926,26.622122
4927,26.659685
4928,26.697195
4929,26.734652
4930,26.772057
4931,26.809408
4932,26.846708
4933,26.883957
4934,26.921154
4935,26.9583
4936,26.995394
4937,27.032436
4938,27.06943
4939,27.10637
4940,27.143263
4941,27.180105
4942,27.216896
4943,27.253637
4944,27.290329
4945,27.326971
4946,27.363565
4947,27.40011
4948,27.436607
4949,27.473055
4950,27.509455
4951,27.545805
4952,27.582108
4953,27.618362
4954,27.65457
4955,27.69073
4956,27.726843
4957,27.762909
4958,27.798927
4959,27.8349
4960,27.870827
4961,27.906706
4962,27.94254
4963,27.978327
4964,28.014069
4965,28.049765
4966,28.085415
4967,28.121021
4968,28.156582
4969,28.192097
4970,28.227568
4971,28.262995
4972,28.298376
4973,28.333714
4974,28.369007
4975,28.404257
4976,28.439463
4977,28.474625
4978,28.509743
4979,28.544819
4980,28.579851
4981,28.614841
4982,28.649788
4983,28.684692
4984,28.719555
4985,28.754374
4986,28.78915
4987,28.823885
4988,28.858578
4989,28.893229
4990,28.92784
4991,28.962408
4992,28.996935
4993,29.031422
4994,29.065866
4995,29.100271
4996,29.134636
4997,29.168959
4998,29.203241
4999,29.237484
5000,29.271687
5001,29.30585
5002,29.339972
5003,29.374054
5004,29.408098
5005,29.442102
5006,29.476067
5007,29.509993
5008,29.543879
5009,29.577726
5010,29.611536
5011,29.645308
5012,29.679039
5013,29.712732
5014,29.746387
5015,29.780005
5016,29.813583
5017,29.847126
5018,29.88063
5019,29.914097
5020,29.947525
